,year,group,text
0,1869,1,"['wer', 'heutzutage', 'von', 'aeschylus', 'sophocles', 'euripides', 'spricht', 'oder', 'hört', 'der', 'denkt', 'unwillkürlich', 'zunächst', 'an', 'sie', 'als', 'litteraturpoeten', 'weil', 'er', 'sie', 'aus', 'dem', 'buche', 'im', 'original', 'oder', 'in', 'der', 'übersetzung', 'hat', 'kennen', 'lernen:', 'dies', 'ist', 'aber', 'ungefähr', 'so', 'als', 'ob', 'jemand', 'vom', 'tannhäuser', 'spricht', 'und', 'dabei', 'das', 'textbuch', 'und', 'nichts', 'mehr', 'meint', 'und', 'versteht', 'von', 'jenen', 'männern', 'soll', 'also', 'gesprochen', 'werden', 'nicht', 'als', 'librettisten:', 'sondern', 'als', 'operncomponisten', 'doch', 'weiss', 'ich', 'wohl', 'dass', 'ich', 'mit', 'dem', 'worte', 'oper', 'ihnen', 'eine', 'carrikatur', 'in', 'die', 'hand', 'gebe:', 'wenn', 'auch', 'nur', 'wenige', 'von', 'ihnen', 'das', 'zuerst', 'zugeben', 'werden', 'vielmehr', 'bin', 'ich', 'zufrieden', 'wenn', 'sie', 'am', 'schlusse', 'überzeugt', 'sind', 'dass', 'unsere', 'opern', 'gegenüber', 'dem', 'antiken', 'musikdrama', 'nur', 'carikaturen', 'sind']"
1,1869,2,"['das', 'christenthum', 'ursprünglich', 'sache', 'des', 'talentes', 'mußte', 'demokratisirt', 'werden', 'langsames', 'ringen', 'zur', 'weltreligion', 'nur', 'indem', 'alles', 'vertiefte', 'esoterische', 'dem', 'einzelnen', 'talentvollen', 'zugängliche', 'exstirpirt', 'wurde', '—', 'dadurch', 'trat', 'auch', 'der', 'optimismus', 'wieder', 'hinein', 'ohne', 'den', 'eine', 'weltreligion', 'sich', 'nicht', 'halten', 'kann', 'purgatorio', 'und', 'κατάστασις', 'sind', 'seine', 'schöpfungen']"
2,1869,3,"['wir', 'sind', 'leider', 'gewöhnt', 'die', 'künste', 'in', 'der', 'vereinzelung', 'zu', 'genießen', 'was', 'sich', 'in', 'seiner', 'thorheit', 'am', 'grellsten', 'an', 'der', 'gemäldegallerie', 'und', 'am', 'sogenannten', 'conzert', 'offenbart', 'bei', 'dieser', 'traurigen', 'modernen', 'unart', 'der', 'absoluten', 'künste', 'fehlt', 'jede', 'organisation', 'die', 'die', 'künste', 'als', 'gesammtkunst', 'pflegt', 'und', 'ausbildet', 'die', 'letzten', 'erscheinungen', 'dieser', 'art', 'sind', 'vielleicht', 'die', 'großen', 'italienischen', 'trionfi', 'gewesen', 'in', 'der', 'gegenwart', 'hat', 'das', 'antike', 'musikdrama', 'nur', 'ein', 'verblasstes', 'analogon', 'in', 'der', 'vereinigung', 'der', 'künste', 'im', 'ritus', 'der', 'catholischen', 'kirche']"
3,1870,4,"['erlangen', 'samstag', 'den', '20', 'august']"
4,1870,5,"['gedanken', 'zu', 'die', 'tragoedie', 'und', 'die', 'freigeister']"
5,1870,6,['§']
6,1870,7,"['das', 'schöne', 'in', 'jeder', 'kunst', 'beginnt', 'erst', 'wo', 'das', 'rein', 'logische', 'überwunden', 'wird', 'z', 'b', 'zeigt', 'die', 'entwicklung', 'der', 'harmonie', 'eine', 'solche', 'durchbrechung', 'des', 'physiologisch-schönen', 'zu', 'einem', 'höheren', 'schönen', 'eine', 'immer', 'entfleischtere', 'form', 'des', 'schönen']"
7,1870,8,"['das', 'weib', 'dem', 'staate', 'gegenüber', '—', 'der', 'schlaf']"
8,1871,9,"['die', 'oper', 'und', 'die', 'griechische', 'tragoedie']"
9,1871,10,"['geschrieben', 'in', 'den', 'ersten', 'wochen', 'des', 'jahres', '1871']"
10,1871,11,"['vorwort', 'an', 'richard', 'wagner']"
11,1871,12,"['was', 'wir', 'hier', 'über', 'das', 'verhältniß', 'der', 'sprache', 'zur', 'musik', 'aufgestellt', 'haben', 'muß', 'aus', 'gleichen', 'gründen', 'auch', 'vom', 'verhältniß', 'des', 'mimus', 'zur', 'musik', 'gelten', 'auch', 'der', 'mimus', 'als', 'die', 'gesteigerte', 'geberdensymbolik', 'des', 'menschen', 'ist', 'an', 'der', 'ewigen', 'bedeutsamkeit', 'der', 'musik', 'gemessen', 'nur', 'ein', 'gleichniß', 'das', 'deren', 'innerstes', 'geheimniß', 'gar', 'nicht', 'sondern', 'nur', 'ihre', 'rhythmische', 'außenseite', 'und', 'auch', 'diese', 'nur', 'sehr', 'äußerlich', 'nämlich', 'am', 'substrat', 'des', 'leidenschaftlich-bewegten', 'menschenleibes', 'darstellen', 'kann', 'fassen', 'wir', 'aber', 'auch', 'die', 'sprache', 'mit', 'unter', 'die', 'kategorie', 'der', 'leiblichen', 'symbolik', 'halten', 'wir', 'selbst', 'das', 'drama', 'gemäß', 'unserem', 'aufgestellten', 'kanon', 'an', 'die', 'musik', 'heran:', 'so', 'dürfte', 'jetzt', 'ein', 'satz', 'schopenhauers', 'in', 'die', 'hellste', 'beleuchtung', 'treten', '(parerga', 'band', '2', 's', '465):', 'es', 'möchte', 'hingehn', 'obgleich', 'ein', 'rein', 'musikalischer', 'geist', 'es', 'nicht', 'verlangt', 'daß', 'man', 'der', 'reinen', 'sprache', 'der', 'töne', 'obwohl', 'sie', 'selbstgenugsam', 'keiner', 'beihülfe', 'bedarf', 'worte', 'sogar', 'auch', 'eine', 'anschaulich', 'vorgeführte', 'handlung', 'zugesellt', 'und', 'unterlegt', 'damit', 'unser', 'anschauender', 'und', 'reflektirender', 'intellekt', 'der', 'nicht', 'ganz', 'müßig', 'sein', 'mag', 'doch', 'auch', 'eine', 'leichte', 'und', 'analoge', 'beschäftigung', 'dabei', 'erhalte', 'wodurch', 'sogar', 'die', 'aufmerksamkeit', 'der', 'musik', 'fester', 'anhängt', 'und', 'folgt', 'auch', 'zugleich', 'dem', 'was', 'die', 'töne', 'in', 'ihrer', 'allgemeinen', 'bilderlosen', 'sprache', 'des', 'herzens', 'besagen', 'ein', 'anschauliches', 'bild', 'gleichsam', 'ein', 'schema', 'oder', 'wie', 'ein', 'exempel', 'zu', 'einem', 'allgemeinen', 'begriff', 'untergelegt', 'wird:', 'ja', 'dergleichen', 'wird', 'den', 'eindruck', 'der', 'musik', 'erhöhen', 'wenn', 'wir', 'von', 'der', 'rationalistisch', 'äußerlichen', 'motivierung', 'absehn', 'wonach', 'unser', 'anschauender', 'und', 'reflektirender', 'intellekt', 'beim', 'anhören', 'der', 'musik', 'nicht', 'ganz', 'müßig', 'sein', 'mag', 'und', 'die', 'aufmerksamkeit', 'an', 'der', 'hand', 'einer', 'anschaulichen', 'aktion', 'besser', 'folgt', '—', 'so', 'ist', 'von', 'schopenhauer', 'mit', 'höchstem', 'rechte', 'das', 'drama', 'im', 'verhältniß', 'zur', 'musik', 'als', 'ein', 'schema', 'als', 'ein', 'exempel', 'zu', 'einem', 'allgemeinen', 'begriff', 'charakterisirt', 'worden:', 'und', 'wenn', 'er', 'hinzufügt', 'ja', 'dergleichen', 'wird', 'den', 'eindruck', 'der', 'musik', 'erhöhen', 'so', 'bürgt', 'die', 'ungeheure', 'allgemeinheit', 'und', 'ursprünglichkeit', 'der', 'vokalmusik', 'der', 'verbindung', 'von', 'ton', 'mit', 'bild', 'und', 'begriff', 'für', 'die', 'richtigkeit', 'dieses', 'ausspruchs', 'die', 'musik', 'jedes', 'volkes', 'beginnt', 'durchaus', 'im', 'bunde', 'mit', 'der', 'lyrik', 'und', 'lange', 'bevor', 'an', 'eine', 'absolute', 'musik', 'gedacht', 'werden', 'kann', 'durchläuft', 'sie', 'in', 'jener', 'vereinigung', 'die', 'wichtigsten', 'entwicklungsstufen', 'verstehen', 'wir', 'diese', 'urlyrik', 'eines', 'volkes', 'wie', 'wir', 'es', 'ja', 'müssen', 'als', 'eine', 'nachahmung', 'der', 'künstlerisch', 'vorbildenden', 'natur', 'so', 'muß', 'uns', 'als', 'ursprüngliches', 'vorbild', 'jener', 'vereinigung', 'von', 'musik', 'und', 'lyrik', 'die', 'von', 'der', 'natur', 'vorgebildete', 'doppelheit', 'im', 'wesen', 'der', 'sprache', 'gelten:', 'in', 'welches', 'wir', 'jetzt', 'nach', 'den', 'erörterungen', 'über', 'die', 'stellung', 'von', 'musik', 'zum', 'bild', 'tiefer', 'eindringen', 'werden']"
12,1871,13,"['zum', 'schluß', 'der', 'einleitung:']"
13,1871,14,['gang']
14,1871,15,"['an', 'die', 'melancholie']"
15,1871,16,"['die', 'geburt', 'der', 'tragoedie', 'aus', 'dem', 'geiste', 'der', 'musik']"
16,1871,17,"['entfleusst', 'dem']"
17,1871,18,"['gerade', 'immer', 'das', 'falsche', 'wird', 'ernst', 'genommen:']"
18,1872,19,"['in', 'einer', 'rechten', 'höhe', 'kommt', 'alles', 'zusammen', 'und', 'über', 'eins', '—', 'die', 'gedanken', 'des', 'philosophen', 'die', 'werke', 'des', 'künstlers', 'und', 'die', 'guten', 'thaten']"
19,1872,20,"['erster', 'vorläufiger', 'entwurf', 'von']"
20,1872,21,['herbst:']
21,1872,22,"['erster', 'tag', '28', 'september']"
22,1872,23,"['nun', 'wurde', 'die', 'ganze', 'gruppe', 'unverständlich', 'später', 'nahm', 'man', 'von', 'den', 'ehrwürdig-unverständlichen', 'weg', 'was', 'man', 'brauchen', 'konnte', 'man', 'plünderte', 'sie', 'aus', 'und', 'dann', 'kommt', 'ein', 'arm', 'des', 'parmenides', 'ein', 'schulterstück', 'des', 'heraklit', 'ein', 'fuß', 'des', 'empedokles', 'bald', 'hier', 'bald', 'dort', 'vor', 'in', 'platon’s', 'akademie', 'sowohl', 'wie', 'in', 'der', 'stoa', 'und', 'in', 'den', 'gärten', 'epikurs', 'um', 'sie', 'als', 'ganzheiten', 'zu', 'verstehen', 'muß', 'man', 'in', 'jedem', 'von', 'ihnen', 'den', 'versuch', 'und', 'ansatz', 'zum', 'griechischen', 'reformator', 'erkennen;', 'diesen', 'sollten', 'sie', 'vorbereiten', 'vor', 'dem', 'sollten', 'sie', 'hergehen', 'wie', 'eine', 'morgenröthe', 'vor', 'der', 'sonne', 'aber', 'die', 'sonne', 'kam', 'nicht', 'der', 'reformator', 'mißlang:', 'so', 'blieb', 'die', 'morgenröthe', 'fast', 'nur', 'eine', 'gespenstische', 'erscheinung', 'daß', 'aber', 'etwas', 'neues', 'in', 'der', 'luft', 'war', 'beweist', 'die', 'gleichzeitige', 'entstehung', 'der', 'tragödie;', 'nur', 'ist', 'der', 'philosoph', 'und', 'gesetzgeber', 'nie', 'erschienen', 'welcher', 'die', 'tragödie', 'begriffen', 'hätte', 'und', 'so', 'starb', 'auch', 'wieder', 'diese', 'kunst', 'und', 'die', 'griechische', 'reformation', 'wurde', 'für', 'immer', 'unmöglich', 'an', 'empedokles', 'kann', 'man', 'nie', 'ohne', 'tiefe', 'trauer', 'denken;', 'er', 'war', 'dem', 'bilde', 'jenes', 'reformators', 'am', 'ähnlichsten;', 'daß', 'es', 'auch', 'ihm', 'mißlang', 'und', 'er', 'zeitig', 'verschwand', 'wer', 'weiß', 'nach', 'was', 'für', 'schrecklichen', 'erfahrungen', 'und', 'in', 'welcher', 'hoffnungslosigkeit', '—', 'das', 'war', 'ein', 'panhellenisches', 'verhängniß', 'seine', 'seele', 'hatte', 'mehr', 'mitleiden', 'als', 'irgend', 'eine', 'griechische', 'seele;', 'und', 'vielleicht', 'doch', 'nicht', 'genug', 'denn', 'im', 'ganzen', 'sind', 'die', 'griechen', 'hierin', 'arm', 'und', 'gerade', 'den', 'großen', 'philosophen', 'ist', 'das', 'tyrannische', 'element', 'in', 'ihrem', 'blute', 'zum', 'hinderniß', 'geworden', 'einen', 'solchen', 'tief-', 'und', 'vollblick', 'wie', 'ihn', 'schopenhauer', 'besaß', 'zu', 'erlangen']"
23,1872,24,"['gesundes', 'hineinblicken', 'in', 'sich', 'selbst', 'ohne', 'sich', 'zu', 'untergraben;', 'nicht', 'mit', 'wahn', 'und', 'fabelei', 'sondern', 'mit', 'reinem', 'schauen', 'in', 'die', 'unerforschte', 'tiefe', 'sich', 'wagen', 'ist', 'eine', 'seltne', 'gabe', 'goethe']"
24,1872,25,"['ich', 'will', 'mit', 'dem', 'bekenntniß', 'anheben', 'daß', 'es', 'mir', 'sehr', 'schwer', 'geworden', 'ist', 'in', 'betreff', 'der', 'griechischen', 'tragödie', 'zu', 'einer', 'reinen', 'und', 'ursprünglichen', 'empfindung', 'zu', 'gelangen', 'die', 'wirklich', 'die', 'tragödie', 'als', 'kunstwerk', 'berührt', 'zu', 'einer', 'empfindung', 'die', 'ich', 'vor', 'allem', 'ehrlich', 'nennen', 'möchte', 'von', 'vorn', 'herein', 'ist', 'nämlich', 'jetzt', 'alles', 'dazu', 'angethan', 'daß', 'der', 'junge', 'mensch', 'begierig', 'nun', 'endlich', 'in', 'eine', 'so', 'grenzenlos', 'berühmte', 'wunderwelt', 'hineinzublicken', 'in', 'das', 'netz', 'einer', 'als', 'unehrlich', 'zu', 'bezeichnenden', 'bewunderung', 'verfalle', 'er', 'verbirgt', 'sich', 'ängstlich', 'den', 'kühlen', 'befremdlichen', 'und', 'fast', 'peinlichen', 'ersten', 'eindruck:', 'denn', 'er', 'möchte', 'um', 'jeden', 'preis', 'das', 'lieben', 'dessen', 'triumphgesang', 'aus', 'dem', 'alterthum', 'her', 'bis', 'zu', 'diesem', 'moment', 'um', 'ihn', 'her', 'erschallt', 'in', 'diesem', 'bedürfniß', 'zur', 'liebe', 'verwandelt', 'er', 'sich', 'unbewußt', 'das', 'so', 'befremdlich', 'auf', 'ihn', 'einwirkende', 'objekt', 'mit', 'der', 'kraft', 'einer', 'zarten', 'illusion;', 'vielleicht', 'hält', 'er', 'sein', 'auge', 'starr', 'auf', 'die', 'scenen', 'gebannt', 'in', 'denen', 'er', 'eine', 'verwandtschaft', 'mit', 'shakespeare', 'empfindet', 'und', 'mißt', 'etwa', 'nach', 'dem', 'eindruck', 'der', 'äschyleischen', 'kassandrascene', 'die', 'ganze', 'alte', 'tragödie;', 'oder', 'er', 'verweilt', 'bei', 'dem', 'aufbau', 'des', 'sophokleischen', 'drama’s', 'erfreut', 'darin', 'gesetze', 'wiederzuerkennen', 'nach', 'denen', 'auch', 'jetzt', 'noch', 'der', 'dramatiker', 'baut', 'und', 'gestaltet', 'ein', 'andrer', 'wiederum', 'mag', 'sogar', 'den', 'gegensatz', 'jener', 'kühleren', 'und', 'herberen', 'mythischen', 'welt', 'mit', 'einem', 'sentimentalischen', 'reize', 'empfinden:', 'während', 'die', 'geringeren', 'naturen', 'sich', 'hier', 'wie', 'überall', 'mit', 'dem', 'stofflichen', 'zufriedengeben', 'also', 'theils', 'an', 'der', 'dargestellten', 'geschichte', 'sich', 'ergetzen', 'oder', 'an', 'einzelnen', 'worten', 'und', 'gedanken', 'oder', 'an', 'metren', 'oder', 'gar', 'an', 'verderbten', 'stellen', 'hängen', 'bleiben', 'dagegen', 'beginnt', 'jene', 'ehrliche', 'empfindung', 'mit', 'dem', 'eingeständnisse', 'eines', 'ungeheuren', 'defektes', 'und', 'einer', 'deshalb', 'nur', 'bedingten', 'bewunderung', 'der', 'defekt', 'ist', 'selbst', 'größer', 'als', 'wenn', 'wir', 'uns', 'etwa', 'vor', 'einem', 'trümmerhaufen', 'eines', 'tempels', 'finden', 'und', 'aus', 'wenigen', 'säulenresten', 'den', 'eindruck', 'ganzer', 'colonnaden', 'zu', 'errathen', 'suchen', 'denn', 'wir', 'haben', 'zuletzt', 'gedrucktes', 'papier', 'vor', 'augen', 'an', 'stelle', 'der', 'wirklichkeit', 'jener', 'tragödie', 'wir', 'müssen', 'uns', 'den', 'griechen', 'dazu', 'suppliren', 'den', 'griechen', 'in', 'der', 'vollendeten', 'äußerung', 'seines', 'lebens', 'als', 'tragischen', 'schauspieler', 'sänger', 'tänzer', 'den', 'griechen', 'als', 'einzig', 'anspruchsvollen', 'künstlerischen', 'zuschauer', 'wenn', 'wir', 'aber', 'das', 'vermögen', 'den', 'griechen', 'selbst', 'hinzuzudenken', 'so', 'haben', 'wir', 'aber', 'auch', 'beinahe', 'die', 'antike', 'tragödie', 'aus', 'uns', 'neu', 'erzeugt', 'das', 'aber', 'ist', 'die', 'grenzenlose', 'schwierigkeit:', 'wo', 'soll', 'der', 'moderne', 'mensch', 'anfangen', 'griechisch', 'zu', 'denken', 'wann', 'soll', 'er', 'enden?', 'in', 'wahrheit', 'ist', 'der', 'weg', 'nachdem', 'man', 'sich', 'jenen', 'defekt', 'deutlich', 'gemacht', 'hat', 'sehr', 'schwer', 'zu', 'finden', 'nur', 'analoge', 'fast', 'griechisch', 'zu', 'nennende', 'erscheinungen', 'unserer', 'welt', 'können', 'uns', 'jetzt', 'weiter', 'helfen:', 'wie', 'das', 'gleiche', 'immer', 'nur', 'vom', 'gleichen', 'und', 'am', 'gleichen', 'erkannt', 'wird', 'so', 'pflegt', 'der', 'bessere', 'theil', 'unserer', 'gegenwärtigen', 'gelehrten', 'goethe', 'zu', 'benutzen', 'um', 'von', 'ihm', 'sich', 'zu', 'den', 'griechen', 'geleiten', 'zu', 'lassen:', 'andre', 'nehmen', 'rafael', 'zu', 'hülfe', 'ich', 'halte', 'mich', 'an', 'die', 'erfahrungen', 'welche', 'ich', 'richard', 'wagner', 'verdanke', 'die', 'sogenannte', 'historisch-kritische', 'wissenschaft', 'hat', 'gar', 'kein', 'mittel', 'so', 'fremden', 'dingen', 'näher', 'zu', 'kommen:', 'wir', 'brauchen', 'brücken', 'erfahrungen', 'erlebnisse:', 'dann', 'wiederum', 'brauchen', 'wir', 'menschen', 'die', 'sie', 'uns', 'deuten', 'die', 'sie', 'aussprechen', 'so', 'glaube', 'ich', 'im', 'recht', 'zu', 'sein', 'von', 'dem', 'eindrucke', 'auszugehen', 'den', 'eine', 'tristanaufführung', 'im', 'sommer', '1872', 'auf', 'mich', 'hervorbrachte']"
25,1873,26,['thales']
26,1873,27,"['der', 'stil', 'des', 'strauß', 'beweist', 'daß', 'er', 'während', 'eines', 'langen', 'lebens', 'viel', 'schlechte', 'bücher', 'gelesen', '—', 'ich', 'meine', 'vor', 'allem', 'die', 'schriften', 'seiner', 'gegner']"
27,1873,28,"['der', 'wissenschaftliche', 'mensch', 'ist', 'ein', 'rechtes', 'paradoxum:', 'rings', 'umstarren', 'ihn', 'die', 'schrecklichsten', 'probleme', 'an', 'abgründen', 'wandelt', 'er', 'und', 'er', 'pflückt', 'eine', 'blume', 'um', 'ihre', 'staubfäden', 'zu', 'zählen', 'oder', 'er', 'zerklopft', 'das', 'gestein', 'an', 'dem', 'er', 'hängt', 'es', 'ist', 'nicht', 'stumpfheit', 'des', 'erkennens:', 'denn', 'er', 'glüht', 'in', 'seinem', 'triebe', 'zum', 'erkennen', 'und', 'entdecken', 'und', 'kennt', 'keine', 'größere', 'lust', 'als', 'den', 'schatz', 'des', 'wissens', 'zu', 'mehren', 'aber', 'er', 'benimmt', 'sich', 'wie', 'der', 'stolzeste', 'müssiggänger', 'des', 'glücks:', 'als', 'ob', 'das', 'dasein', 'nicht', 'eine', 'heillose', 'und', 'bedenkliche', 'sache', 'sei', 'sondern', 'ein', 'fester', 'für', 'ewige', 'dauer', 'garantirter', 'besitz']"
28,1873,29,"['die', 'wahrheit', 'zu', 'sagen', 'ohne', 'eudämonologischen', 'zweck;', 'rein', 'aus', 'pflicht', 'dabei', 'wird', 'häufig', 'die', 'eigenthümliche', 'lust', 'vergessen', 'die', 'das', 'aussprechen', 'der', 'w<ahrheit>', 'mit', 'sich', 'bringt', 'der', 'reinste', 'fall', 'der', 'in', 'dem', 'die', 'wahrheit', 'eine', 'viel', 'größere', 'unlust', 'mit', 'sich', 'führt', 'selbst', 'den', 'untergang', '—', 'und', 'trotzdem', 'wird', 'die', 'wahrheit', 'gesagt', 'ein', 'staatsmann', 'hat', 'die', 'existenz', 'eines', 'staates', 'durch', 'ein', 'wort', 'in', 'der', 'hand:', 'er', 'sagt', 'die', 'wahrheit', 'und', 'zerstört', 'den', 'staat', 'rede', 'kant’s', 'an', 'die', 'pflicht', 'ein', 'großer', 'mensch', 'ist', 'mehr', 'werth', 'als', 'ein', 'reich', 'weil', 'er', 'heilsamer', 'für', 'alle', 'nachwelt', 'ist', 'sinn', 'der', 'großen', 'that', '—', 'große', 'thaten', 'zu', 'erzeugen']"
29,1873,30,"['vom', 'nutzen', 'und', 'nachtheil', 'der', 'historie']"
30,1873,31,"['pericles', 'spricht', 'von', 'den', 'festen', 'athens', 'den', 'schönen', 'und', 'kostbaren', 'einrichtungen', 'des', 'hauses', 'deren', 'täglicher', 'anblick', 'das', 'düstere', 'wesen', 'verscheucht', 'wir', 'deutsche', 'leiden', 'sehr', 'an', 'diesem', 'düstern', 'wesen;', 'schiller', 'hoffte', 'durch', 'das', 'einströmen', 'von', 'schönheit', 'und', 'grösse', 'durch', 'die', 'aesthetische', 'erhebung', 'eine', 'nachwirkung', 'in', 'betreff', 'der', 'moralischen', 'erhebung', 'wagner', 'hofft', 'umgekehrt', 'dass', 'die', 'moralischen', 'kräfte', 'der', 'deutschen', 'sich', 'endlich', 'auch', 'einmal', 'dem', 'bereiche', 'der', 'kunst', 'zuwenden', 'um', 'hier', 'ernst', 'und', 'würde', 'zu', 'verlangen', 'er', 'nimmt', 'die', 'kunst', 'so', 'streng', 'und', 'ernst', 'wie', 'möglich:', 'so', 'hofft', 'er', 'erst', 'ihre', 'erheiternde', 'wirkung', 'zu', 'erleben', 'bei', 'uns', 'steht', 'es', 'recht', 'verkehrt', 'und', 'unnatürlich;', 'wir', 'machen', 'den', 'menschen', 'die', 'uns', 'durch', 'kunst', 'erheitern', 'wollen', 'die', 'grössten', 'schwierigkeiten', 'so', 'dass', 'wir', 'von', 'ihnen', 'moralische', 'genialität', 'und', 'charactergrösse', 'fordern', 'weil', 'den', 'begabtesten', 'künstlern', 'ihre', 'bildung', 'so', 'schwer', 'gemacht', 'wird', 'und', 'sie', 'alle', 'kraft', 'auf', 'den', 'kampf', 'verschwenden', 'müssen', 'sind', 'wir', 'nichtkünstler', 'umgekehrt', 'wieder', 'sehr', 'lax', 'in', 'den', 'moralischen', 'ansprüchen', 'an', 'uns', 'geworden:', 'die', 'bequemlichkeit', 'herrscht', 'in', 'den', 'grundsätzen', 'und', 'anschauungen', 'des', 'lebens', 'so', 'das', 'leben', 'lässig', 'nehmend', 'verlieren', 'wir', 'das', 'rechte', 'bedürfniss', 'der', 'kunst', 'wenn', 'das', 'leben', 'wie', 'das', 'athenische', 'pflicht', 'aufforderung', 'unternehmung', 'mühsal', 'fortwährend', 'im', 'schoosse', 'trägt', 'so', 'weiss', 'man', 'auch', 'die', 'kunst', 'das', 'fest', 'und', 'überhaupt', 'die', 'bildung', 'zu', 'ehren', 'und', 'zu', 'begehren:', 'damit', 'sie', 'erheitert', 'und', 'deshalb', 'ist', 'die', 'moralische', 'schwäche', 'der', 'deutschen', 'vornehmlich', 'die', 'ursache', 'davon', 'dass', 'sie', 'keine', 'cultur', 'haben', 'zwar:', 'sie', 'arbeiten', 'ausserordentlich', 'alles', 'ist', 'in', 'hast', 'der', 'vererbte', 'fleiss', 'zeigt', 'sich', 'fast', 'als', 'naturkraft', 'worin', 'offenbart', 'sich', 'ihre', 'moralische', 'schwäche!']"
31,1874,32,"['ist', 'noch', 'alles', 'christlich', 'was', 'sich', 'so', 'nennt?', 'oder', 'ausführlicher', 'und', 'zugleich', 'bedenklicher', 'gefragt', 'was', 'ist', 'überhaupt', 'in', 'unserem', 'jetzigen', 'leben', 'noch', 'wirklich', 'christlich', 'was', 'dagegen', 'nennt', 'sich', 'nur', 'so', 'aus', 'angewöhnung', 'oder', 'furchtsamkeit?', 'und', 'giebt', 'es', 'etwas', 'was', 'sich', 'nicht', 'einmal', 'mehr', 'so', 'nennt', '<und>', 'vielmehr', 'eingestandenermaassen', 'unchristlich', 'ist?', 'um', 'die', 'letzte', 'frage', 'zuerst', 'zu', 'beantworten', 'nenne', 'ich', 'des', 'beispiels', 'halber', 'die', 'gesammte', 'wissenschaft:', 'sie', 'ist', 'jetzt', 'unchristlich', 'und', 'will', 'so', 'heissen']"
32,1874,33,"['wenn', 'für', 'goethe', 'das', 'dichten', 'eine', 'art', 'auskunftsmittel', 'für', 'einen', 'verfehlten', 'malerberuf', 'war', 'wenn', 'man', 'von', 'schillers', 'dramen', 'als', 'von', 'einer', 'versetzten', 'volksberedtsamkeit', 'reden', 'kann', 'so', 'mag', 'es', 'auch', 'recht', 'sein', 'in', 'wagner', 'als', 'urbegabung', 'die', 'schauspielerische', 'anzunehmen', 'der', 'es', 'versagt', 'war', 'sich', 'auf', 'dem', 'nächsten', 'wege', 'zu', 'befriedigen', 'und', 'die', 'in', 'der', 'heranziehung', 'aller', 'andern', 'künste', 'zu', 'einem', 'großen', 'schauspielerischen', 'ideale', 'ihre', 'auskunft', 'und', 'ihre', 'rettung', 'findet']"
33,1874,34,"['schopenhauer', 'als', 'erzieher', 'und', 'zuchtmeister', 'der', 'deutschen']"
34,1874,35,"['es', 'giebt', 'eine', 'ethische', 'aristokratie', 'in', 'die', 'niemand', 'hineinkommen', 'kann', 'wer', 'nicht', 'schon', 'in', 'und', 'zu', 'ihr', 'geboren', 'ist']"
35,1874,36,"['einleitung', 'zu', 'plato', '1874']"
36,1874,37,"['abarten', 'degenerare', '(sohn', 'vom', 'vater)']"
37,1874,38,"['prometheus', 'und', 'sein', 'geier', 'sind', 'vergessen', 'worden', 'als', 'man', 'die', 'alte', 'welt', 'der', 'olympier', 'und', 'ihre', 'macht', 'vernichtete']"
38,1875,1,"['romundt', '9', 'januar:', '9—10', 'märz', 'muss', 'seine', 'schrift', 'fertig', 'sein', 'höchstens', '10', 'april']"
39,1875,2,"['notizen', 'zu', 'wir', 'philologen']"
40,1875,3,"['notizen', 'zu', 'wir', 'philologen']"
41,1875,4,['sorgen:']
42,1875,5,"['das', 'von', 'vorn', 'anfangen', 'ist', 'immer', 'eine', 'täuschung:', 'selbst', 'das', 'was', 'uns', 'zu', 'diesem', 'angeblichen', 'anfang', 'trieb', 'ist', 'wirkung', 'und', 'resultat', 'des', 'vorhergehenden', 'aber', 'ein', 'so', 'starkes', 'und', 'entscheidendes', 'abbrechen', 'wird', 'ein', 'zeichen', 'sein', 'von', 'einem', 'starken', 'und', 'übermässigen', 'ehemaligen', 'fördern', 'der', 'radikalismus', 'unserer', 'meinungen', 'und', 'unsrer', 'wahrheit', 'ist', 'die', 'folge', 'vom', 'radikalismus', 'unsrer', 'irrthümer', 'und', 'fehler', 'das', 'grosse', 'gesetz', 'der', 'umsetzung', '—', 'darin', 'liegt', 'aller', 'sogenannte', 'fortschritt', 'die', 'moralische', 'beurtheilung', 'müsste', 'im', 'grund', 'immer', 'dieselbe', 'sein', 'nun', 'nimmt', 'aber', 'der', 'verstand', 'und', 'die', 'erfahrung', 'zu', 'die', 'moralische', 'qualität', 'setzt', 'sich', 'immer', 'nur', 'um', 'zuletzt', 'schätzen', 'wir', 'eine', 'lehre', 'doch', 'nach', 'ihren', 'wirkungen', 'ob', 'sie', 'z', 'b', 'viel', 'menschen', 'getödtet', 'oder', 'verdreht', 'gemacht;', 'das', 'ist', 'nicht', 'gerecht', '—']"
43,1875,6,"['nachahmung', 'des', 'alterthums']"
44,1875,7,"['die', 'verehrung', 'des', 'klassischen', 'alterthums', 'wie', 'sie', 'die', 'italiäner', 'zeigten', 'das', 'heisst', 'also', 'die', 'einzig', 'ernsthafte', 'uneigennützige', 'hingebende', 'verehrung', 'welche', 'das', 'alterthum', 'bis', 'jetzt', 'gefunden', 'hat', 'ist', 'ein', 'grossartiges', 'beispiel', 'der', 'don', 'quixoterie:', 'und', 'so', 'etwas', 'ist', 'also', 'philologie', 'besten', 'falls', 'so', 'schon', 'bei', 'den', 'alexandrinischen', 'gelehrten', 'so', 'bei', 'allen', 'den', 'sophisten', 'des', 'ersten', 'und', 'zweiten', 'jahrhunderts', 'bei', 'den', 'atticisten', 'usw', 'man', 'ahmt', 'etwas', 'rein', 'chimärisches', 'nach', 'und', 'läuft', 'einer', 'wunderwelt', 'hinterdrein', 'die', 'nie', 'existirt', 'hat', 'es', 'geht', 'ein', 'solcher', 'zug', 'schon', 'durch', 'das', 'alterthum:', 'die', 'art', 'wie', 'man', 'die', 'homerischen', 'helden', 'copirte', 'der', 'ganze', 'verkehr', 'mit', 'dem', 'mythus', 'hat', 'etwas', 'davon', 'allmählich', 'ist', 'das', 'ganze', 'griechenthum', 'selber', 'zu', 'einem', 'objecte', 'des', 'don', 'quixote', 'geworden', 'man', 'kann', 'unsre', 'moderne', 'welt', 'nicht', 'verstehn', 'wenn', 'man', 'nicht', 'den', 'ungeheuren', 'einfluss', 'des', 'rein', 'phantastischen', 'einsieht', 'dem', 'steht', 'nun', 'entgegen:', 'es', 'kann', 'keine', 'nachahmung', 'geben', 'alles', 'nachahmen', 'ist', 'nur', 'ein', 'künstlerisches', 'phänomen', 'also', 'auf', 'den', 'schein', 'gerichtet;', 'etwas', 'lebendiges', 'kann', 'manieren', 'gedanken', 'usw', 'annehmen', 'durch', 'nachahmung', 'aber', 'sie', 'kann', 'nichts', 'erzeugen', 'eine', 'kultur', 'welche', 'der', 'griechischen', 'nachläuft', 'kann', 'nichts', 'erzeugen', 'wohl', 'kann', 'der', 'schaffende', 'überall', 'her', 'entlehnen', 'und', 'sich', 'nähren', 'und', 'so', 'werden', 'wir', 'auch', 'nur', 'als', 'schaffende', 'etwas', 'von', 'den', 'griechen', 'haben', 'können', 'worin', 'aber', 'wären', 'die', 'philologen', 'schaffende!', 'es', 'muss', 'einige', 'unreinliche', 'gewerbe', 'geben', 'abdecker;', 'auch', 'correctoren:', 'sollen', 'die', 'philologen', 'etwa', 'so', 'ein', 'unreinliches', 'gewerbe', 'vorstellen?']"
45,1875,8,"['bücher', 'für', '8', 'jahre']"
46,1875,9,"['der', 'werth', 'des', 'lebens', 'von', 'e', 'dühring', '1865']"
47,1875,10,"['wer', 'den', 'höchsten', 'augenblick', 'geniesst', 'erblindet']"
48,1875,11,"['vorarbeit', 'zu', 'richard', 'wagner', 'in', 'bayreuth']"
49,1875,12,"['einfluß', 'der', 'oresteia', 'vordramatischer', 'theil']"
50,1875,13,"['—', '—', '—', 'musste', 'die', 'wahre', 'musik', 'erklingen', 'weil', 'die', 'menschen', 'sie', 'am', 'wenigsten', 'verdienten', 'aber', 'am', 'meisten', 'ihrer', 'bedurften?', 'man', 'versenke', 'sich', 'nur', 'einmal', 'in', 'das', 'überschwängliche', 'wunder', 'dieser', 'möglichkeit:', 'schaut', 'man', 'von', 'da', 'aus', 'auf', 'das', 'leben', 'zurück', 'so', 'leuchtet', 'es', 'so', 'trübe', 'und', 'umnebelt', 'es', 'vorher', 'auch', 'erscheinen', 'mochte;', 'es', 'wird', 'selber', 'zum', 'abbild', 'und', 'gleichniss', 'der', 'musik', 'beethovens', 'und', 'spricht', 'in', 'der', 'form', 'der', 'erscheinung', 'von', 'erlösung', 'und', 'wiedergewonnener', 'unschuld', 'nie', 'hat', 'eine', 'kunst', 'der', 'welt', 'etwas', 'so', 'heiteres', 'geschaffen', 'als', 'diese', 'symphonien', 'in', 'a-dur', 'und', 'f-dur', 'mit', 'allen', 'ihnen', 'so', 'innig', 'verwandten', 'tonwerken', 'des', 'meisters', 'aus', 'der', 'göttlichen', 'zeit', 'seiner', 'völligen', 'taubheit', 'die', 'wirkung', 'hiervon', 'auf', 'den', 'hörer', 'ist', 'befreiung', 'von', 'aller', 'schuld', '—', 'die', 'wirkung', 'des', 'heiteren', 'geht', 'hier', 'sofort', 'über', 'alle', 'befriedigung', 'durch', 'das', 'schöne', 'weit', 'hinaus', 'jeder', 'trotz', 'der', 'erkenntnissstolzen', 'vernunft', 'bricht', 'sich', 'hier', 'sofort', 'an', 'dem', 'zauber', 'der', 'überwältigung', 'unsrer', 'ganzen', 'natur;', 'die', 'erkenntniss', 'flieht', 'mit', 'dem', 'bekenntniss', 'ihres', 'irrthums', 'und', 'die', 'ungeheure', 'freude', 'dieses', 'bekenntnisses', 'ist', 'es', 'in', 'welcher', 'wir', 'aus', 'tiefster', 'seele', 'aufjauchzen', 'so', 'ernsthaft', 'auch', 'die', 'gänzlich', 'gefesselte', 'miene', 'des', 'zuhörers', 'sein', 'erstaunen', 'über', 'die', 'unfähigkeit', 'unseres', 'sehens', 'und', 'denkens', 'gegenüber', 'dieser', 'wahrhaftigsten', 'welt', 'uns', 'verräth', '—', 'aller', 'schmerz', 'des', 'daseins', 'bricht', 'sich', 'an', 'diesem', 'ungeheuren', 'behagen', 'des', 'spieles', 'mit', 'ihm;', 'der', 'weltenschöpfer', 'brahma', 'lacht', 'über', 'sich', 'selbst', 'da', 'er', 'die', 'täuschung', 'über', 'sich', 'selbst', 'erkennt;', 'die', 'wiedergewonnene', 'unschuld', 'spielt', 'scherzend', 'mit', 'dem', 'stachel', 'der', 'gesühnten', 'schuld', 'das', 'befreite', 'gewissen', 'neckt', 'sich', 'mit', 'seiner', 'ausgestandenen', 'qual', '—', 'jetzt', 'warf', 'er', 'den', 'blick', 'auch', 'auf', 'die', 'erscheinung', 'die', 'durch', 'sein', 'inneres', 'licht', 'beschienen', 'in', 'wundervollem', 'reflexe', 'sich', 'wieder', 'seinem', 'innern', 'mittheilte', 'jetzt', 'spricht', 'wiederum', 'nur', 'das', 'wesen', 'der', 'dinge', 'zu', 'ihm', 'und', 'zeigt', 'ihm', 'diese', 'in', 'dem', 'ruhigen', 'lichte', 'der', 'schönheit', 'jetzt', 'versteht', 'er', 'den', 'wald', 'den', 'bach', 'die', 'wiese', 'den', 'blauen', 'aether', 'die', 'heitre', 'menge', 'das', 'liebende', 'paar', 'den', 'gesang', 'der', 'vögel', 'den', 'zug', 'der', 'wolken', 'das', 'brausen', 'des', 'sturmes', 'die', 'wonne', 'der', 'selig', 'bewegten', 'ruhe', 'da', 'durchdringt', 'all', 'sein', 'sehen', 'und', 'gestalten', 'diese', 'wunderbare', 'heiterkeit', 'die', 'erst', 'durch', 'ihn', 'der', 'musik', 'zu', 'eigen', 'geworden', 'ist', 'selbst', 'die', 'klage', 'so', 'innig', 'ureigen', 'allem', 'tönen', 'beschwichtigt', 'sich', 'zum', 'lächeln:', 'die', 'welt', 'gewinnt', 'ihre', 'kindesunschuld', 'wieder', 'mit', 'mir', 'seid', 'heute', 'im', 'paradiese’', '—', 'wer', 'hörte', 'sich', 'dieses', 'erlöserwort', 'nicht', 'zugerufen', 'wenn', 'er', 'der', 'pastoral-symphonie', 'lauschte?']"
51,1875,14,['1']
52,1876,15,"['hypothetische', 'sätze', 'im', 'deutschen', 'wenn', 'drückt', 'ursprünglich', 'einen', 'wunsch', 'aus;', 'die', 'sätze', 'dieser', 'form', 'ist', 'dies', 'so', 'so', 'wird', 'daraus', 'enthalten', 'im', 'vordersatz', 'eine', 'frage', 'oder', 'einen', 'zweifel', 'deshalb', 'ist', 'diese', 'letztere', 'form', 'nicht', 'völlig', 'mit', 'der', 'ersteren', 'zu', 'verwechseln', 'noch', 'weniger', 'hat', 'sie', 'etwa', 'allein', 'recht', '(wie', 'dies', 'w<agner>', 'zu', 'meinen', 'scheint', 'der', 'sie', 'fast', 'ausschließlich', 'anwendet)']"
53,1876,16,"['i', 'aesthetik', 'ii', 'zur', 'ethik', 'und', 'glückseligkeitslehre']"
54,1876,17,"['über', 'das', 'aesthetische:', 'einiges', 'derbe']"
55,1876,18,"['die', 'pflugschar']"
56,1876,19,"['bex', 'vom', '3', 'october', 'an']"
57,1876,20,"['14', 'es', 'giebt', 'eine', 'doppelte', 'aesthetik', 'die', 'eine', 'geht', 'von', 'den', 'wirkungen', 'der', 'kunst', 'aus', 'und', 'schliesst', 'auf', 'entsprechende', 'ursachen;', 'sie', 'steht', 'mit', 'diesem', 'verfahren', 'unter', 'dem', 'zauber', 'der', 'kunst', 'und', 'ist', 'selber', 'eine', 'art', 'dichtung', 'und', 'rausch:', 'ein', 'hineinerklingen', 'der', 'kunst', 'in', 'die', 'saiten', 'der', 'wissenschaft', 'die', 'andere', 'aesthetik', 'geht', 'von', 'den', 'vielfach', 'absurden', 'und', 'kindischen', 'anfängen', 'der', 'kunst', 'aus:', 'sie', 'vermag', 'die', 'thatsächlichen', 'wirkungen', 'daraus', 'nicht', 'abzuleiten', 'und', 'wird', 'desshalb', 'versuchen', 'die', 'empfindung', 'über', 'die', 'kunst', 'überhaupt', 'zu', 'ermässigen', 'und', 'jene', 'wirkungen', 'auf', 'alle', 'weise', 'zu', 'verdächtigen', 'als', 'ob', 'sie', 'erlogen', 'oder', 'krankhaft', 'seien', 'woraus', 'klar', 'wird', 'welche', 'aesthetik', 'der', 'kunst', 'nützt', 'welche', 'nicht', 'und', 'inwiefern', 'beide', 'keine', 'wissenschaft', 'sein', 'können']"
58,1876,21,"['gletscher', 'steinchen', 'blümchen']"
59,1877,22,"['fenster', 'grüner', 'gaze']"
60,1876,23,"['die', 'geschickten', 'bewegungen', 'des', 'fußes', 'beim', 'ausgleiten', 'stolpern', 'klettern', 'sind', 'nicht', 'die', 'resultate', 'eines', 'blind', 'wirkenden', 'aber', 'zweckmäßigen', 'intellektes', 'sondern', 'einmal', 'angelernt', 'wie', 'die', 'bewegungen', 'der', 'finger', 'beim', 'klavierspiel', 'jetzt', 'wird', 'sehr', 'viel', 'von', 'dieser', 'fertigkeit', 'gleich', 'vererbt']"
61,1877,24,"['zur', 'kunstlehre']"
62,1877,25,['socialismus']
63,1877,26,"['verkleinerungssucht', 'als', 'nützlich', 'nicht', 'wenige', 'menschen', 'haben', 'um', 'ihre', 'selbstachtung', 'und', 'eine', 'gewisse', 'tüchtigkeit', 'im', 'handeln', 'aufrecht', 'zu', 'erhalten', 'durchaus', 'nöthig', 'alle', 'ihnen', 'bekannten', 'menschen', 'in', 'ihrer', 'vorstellung', 'herabzusetzen', 'und', 'zu', 'verkleinern', 'indem', 'wir', 'alle', 'den', 'vortheil', 'jener', 'tüchtigkeit', 'haben', 'müssen', 'wir', 'das', 'nothwendige', 'werkzeug', 'dazu', 'den', 'neid', 'und', 'die', 'verkleinerungssucht', 'wohl', 'oder', 'übel', 'gutheissen']"
64,1878,27,"['hesiod’s', 'kunstmittel', 'der', 'fabula']"
65,1878,28,['memorabilia']
66,1878,29,"['was', 'goethe', 'bei', 'h', 'kleist', 'empfand', 'war', 'sein', 'gefühl', 'des', 'tragischen', 'von', 'dem', 'er', 'sich', 'abwandte:', 'es', 'war', 'die', 'unheilbare', 'seite', 'der', 'natur', 'er', 'selbst', 'war', 'conciliant', 'und', 'heilbar', 'das', 'tragische', 'hat', 'mit', 'unheilbaren', 'die', 'kom<ödie>', 'mit', 'heilbaren', 'leiden', 'zu', 'thun']"
67,1878,30,"['mein', 'fehler', 'war', 'der', 'dass', 'ich', 'nach', 'bayreuth', 'mit', 'einem', 'ideal', 'kam:', 'so', 'musste', 'ich', 'denn', 'die', 'bitterste', 'enttäuschung', 'erleben', 'die', 'überfülle', 'des', 'hässlichen', 'verzerrten', 'überwürzten', 'stiess', 'mich', 'heftig', 'zurück']"
68,1878,31,"['theopomp', 'ganz', 'eifersucht', 'auch', 'gegen', 'plato', 'als', 'größten', 'litterator']"
69,1878,32,"['ihr', 'gleicht', 'dem', 'grundton', '—', '—', '—']"
70,1878,33,"['treppen-glück', '—', 'knaben', 'auf', 'eis', 'eine', 'windlaterne', 'in', 'der', 'mondnacht', 'am', 'bach']"
71,1878,34,"['es', 'giebt', 'gewiß', 'viel', 'feinere', 'köpfe', 'stärkere', 'und', 'edlere', 'herzen', 'als', 'ich', 'habe:', 'aber', 'sie', 'frommen', 'mir', 'nur', 'soweit', 'als', 'ich', 'ihnen', 'gleich', 'komme', 'und', 'wir', 'uns', 'helfen', 'können', 'was', 'dann', 'übrig', 'bleibt', 'könnte', 'für', 'mich', 'von', 'mir', 'aus', 'gesehen', 'fehlen:', 'die', 'welt', 'bliebe', 'immer', 'noch', 'ganz', 'als', 'meine', 'welt']"
72,1878,35,"['vernachläss<igung>', 'der', 'arbeiter', '—', '—', '—']"
73,1878,36,"['der', 'darwinist', '—', 'st', 'augustinus', 'sagte:', 'ego', 'sum', 'veritas', 'et', 'vita', 'dixit', 'dominus;', 'non', 'dixit:', 'ego', 'sum', 'consuetudo!', '—', 'schade', 'darum:', 'so', 'ist', 'er', 'nicht', 'die', 'wahrheit', 'und', 'weiß', 'nicht', 'was', 'das', 'leben', 'ist']"
74,1878,37,"['was', 'hat', 'man', 'davon', 'wenn', 'man', 'etwas', 'aller', 'welt', 'und', 'doch', 'nicht', 'sich', 'zu', 'danke', 'macht!']"
75,1878,38,"['unerwartete', 'belehrung', '—', 'erst', 'ein', 'leben', 'voller', 'schmerzen', 'und', 'entsagungen', 'lehrt', 'uns', 'wie', 'das', 'dasein', 'ganz', 'mit', 'honigseim', 'durchtränkt', 'ist:', 'weshalb', 'die', 'askese', 'nicht', 'selten', 'aus', 'einem', 'verschmitzten', 'epikureismus', 'gewählt', 'sein', 'mag', '—', 'die', 'pessimisten', 'sind', 'kluge', 'leute', 'mit', 'verdorbenem', 'magen:', 'sie', 'rächen', 'sich', 'mit', 'dem', 'kopf', 'für', 'ihre', 'schlechte', 'verdauung']"
76,1878,39,['litterat<ur>']
77,1879,40,"['octobermensch', 'bauern', 'im', 'schwarzwald']"
78,1879,41,"['ein', 'philosoph', 'der', 'des', 'längeren', 'einmal', 'in', 'der', 'genannten', 'weise', 'gelobt', 'wurde', 'schrieb', 'während', 'dem', 'mit', 'seinem', 'stab', 'in', 'den', 'sand:', 'eheu', 'triviam', 'deam', 'fortassis', 'amplexus', 'sim?']"
79,1879,42,"['curiosa', 'unserer', 'modernen', 'schriftsteller', 'welche', 'einem', 'kenner', 'der', 'alten', 'sprachen', 'wie', 'schmutzflecken', 'anmuthen']"
80,1879,43,"['st', 'moritzer', 'gedanken-gänge', '1879']"
81,1879,44,"['weißt', 'du', 'daß', 'jeder', 'von', 'den', 'eigenschaften', 'der', 'menschen', 'und', 'dinge', 'denen', 'du', 'jetzt', 'deine', 'schönsten', 'worte', 'giebst', 'ohne', 'weiteres', 'annimmt', 'es', 'seien', 'deine', 'eigenschaften']"
82,1879,45,"['jene', 'sonnigen', 'langmüthigen', 'octobertage', 'an', 'denen', 'unser', 'gemäßigtes', 'klima', 'zu', 'seiner', 'seligkeit', 'und', 'fülle', 'kommt']"
83,1879,46,"['gaudii', 'maxima', 'pars', 'est', 'oblivio', 'dolor', 'de', 'se', 'ipso', 'meditatur']"
84,1879,47,"['er', 'hat', 'einen', 'starken', 'willen', 'sein', 'intellekt', 'sein', 'urtheil', 'und', 'phantasie', 'ist', 'sehr', 'gleich', 'in', 'versch<iedenen>', 'zeiten', 'sagt', 'dieselben', 'dinge', 'oder', 'so', 'nahe', 'und', 'reizvoll', '—']"
85,1880,1,"['vom', 'aberglauben']"
86,1880,2,"['von', 'der', 'knechtschaft', 'des', 'geistes', '(wir', 'übertragen', 'die', 'vorgänge', 'der', 'politischen', 'tyrannis', 'und', 'knechtschaft', 'auf', 'das', 'gebiet', 'des', 'geistes']"
87,1880,3,"['l’ombra', 'di', 'venezia']"
88,1880,4,"['263', 'das', 'volk', 'oder', 'richtiger', 'die', 'wenigen', 'leute', 'welche', 'sich', 'an', 'den', 'theaterbesuch', 'gewöhnt', 'haben', 'nehmen', 'es', 'als', 'mährchen', 'und', 'geben', 'die', 'feierlichste', 'versicherung', 'es', 'sei', 'nichts', 'geringeres', 'als', 'mythus', 'und', 'alles', 'ernst', 'und', 'nicht', 'ohne', 'philosophische', 'geheimnisse']"
89,1880,5,"['er', 'hat', 'nöthig', 'feindseligkeiten', 'zu', 'säen', 'damit', 'er', 'berühmt', 'bleibe', 'und', 'es', 'noch', 'mehr', 'werde', 'glaubt', 'ihm', 'nicht', 'er', 'weiß', 'ganz', 'genau', 'daß', 'er', 'betrügt', 'er', 'braucht', 'den', 'fanatism', 'der', 'freunde', 'und', 'feinde', 'um', 'sich', 'zu', 'belügen']"
90,1880,6,"['verglichen', 'mit', 'den', 'bramanen', 'kennen', 'wir', 'die', 'menschheit', 'nur', 'in', 'einer', 'ungeheuren', 'ermattung', 'ihres', 'kraftgefühls', 'und', 'ihres', 'glaubens', 'an', 'sich:', 'selbst', 'bei', 'unsern', 'stolzesten', 'philosophen']"
91,1880,7,"['das', 'christenthum', 'hat', 'gelehrt', '1)', 'ein', 'ungeheures', 'mißtrauen', 'gegen', 'uns', '2)', 'und', 'menschenkenntniß', '—', 'diese', 'vorsprünge', 'haben', 'wir', 'vor', 'dem', 'alterthum']"
92,1880,8,"['religion', 'der', 'tapferkeit']"
93,1880,9,"['die', 'pflugschar', 'gedanken', 'über', 'die', 'moralischen', 'vorurtheile', 'von', 'friedrich', 'nietzsche']"
94,1880,10,"['ja', 'wir', 'wollen', 'daß', 'die', 'menschen', 'mäßig', 'und', 'anständig', 'und', 'gerecht', 'leben', '—', 'aber', 'alle?', 'das', 'wage', 'ich', 'nicht', 'zu', 'entscheiden', 'die', 'menschheit', '<würde>', 'zu', 'rasch', 'zu', 'ende', 'sein!']"
95,1881,11,"['gleichgültig', 'sich', 'gegen', 'lob', 'und', 'tadel', 'machen;', 'recepte', 'dafür', 'dagegen', 'einen', 'kreis', 'sich', 'stiften', 'der', 'um', 'unsere', 'ziele', 'und', 'maaßstäbe', 'weiß', 'und', 'der', 'lob', 'und', 'tadel', 'für', 'uns', 'bedeutet']"
96,1881,12,"['nachts', 'vor', 'dem', 'bestirnten', 'himmel:', '—', 'oh', 'dieser', 'todtenstille', 'lärm!', '—']"
97,1881,13,"['jene', 'irrthümer', 'waren', 'bei', 'jener', 'stufe', 'nothwendig', 'als', 'heilmittel:', 'die', 'erziehung', 'des', 'menschengeschlechts', 'als', 'kur', 'hat', 'einen', 'nothwendig-vernünftigen', 'verlauf', '—', 'so', 'sagt', 'ihr']"
98,1881,14,"['das', 'ist', 'etwas', 'neues', 'an', 'der', 'jetzigen', 'musik', 'wie', 'ich', 'sie', 'eben', 'hörte!', 'sie', 'repräsentirt', 'gefühle', 'sie', 'erregt', 'sie', 'nicht', 'mehr', '—', 'man', 'ist', 'zufrieden', 'mit', 'ihrer', 'hülfe', 'zu', 'verstehen!', 'wie', 'bescheiden!']"
99,1881,15,"['dies', 'ist', 'mir', 'bewußt', 'geworden:', 'in', 'welcher', 'seltsamen', 'vereinfachung', 'der', 'dinge', 'und', 'menschen', 'leben', 'wir!', 'wie', 'haben', 'wir', 'es', 'uns', 'leicht', 'und', 'bequem', 'gemacht', 'und', 'unsern', 'sinnen', 'einen', 'freipaß', 'für', 'oberflächliche', 'beobachtung', 'unserm', 'denken', 'für', 'die', 'tollsten', 'muthwilligsten', 'sprünge', 'und', 'fehlschlüsse', 'gegeben!', 'das', 'bild', 'welches', 'allmählich', 'die', 'wissenschaft', 'ausführt', 'ist', 'nicht', 'aus', 'anderen', 'erkenntnißquellen', 'geschöpft:', 'dieselben', 'sinne', 'dasselbe', 'urtheilen', 'und', 'schließen', 'aber', 'gleichsam', 'moralisch', 'geworden', 'stoisch', 'geduldig', 'tapfer', 'gerecht', 'unermüdlich', 'nicht', 'zu', 'beleidigen', 'nicht', 'zu', 'entzücken', 'es', 'sind', 'gute', 'sinne', 'es', 'ist', 'gutes', 'denken', 'was', 'in', 'der', 'wissenschaft', 'arbeitet', 'und', 'diese', 'wissenschaft', 'deckt', 'nun', 'endlich', 'auch', 'dem', 'guten', 'menschen', 'seine', 'oberflächlichkeit', 'und', 'seine', 'fehlschlüsse', 'auf', 'die', 'grundlagen', 'seiner', 'werthschätzungen', 'auch', 'seinen', 'aberglauben', 'daß', 'der', 'moralische', 'mensch', 'die', 'menschheit', 'so', 'weit', 'entwickelt', 'habe:', 'der', 'unmoralische', 'mensch', 'hat', 'nicht', 'weniger', 'antheil', '—', 'und', 'selbst', 'in', 'der', 'wissenschaft', 'sind', 'fortwährend', 'in', 'feinen', 'dosen', 'feindschaft', 'mißtrauen', 'rache', 'widerspruchssinn', 'list', 'argwohn', 'thätig', 'und', 'nöthig:', 'in', 'aller', 'ihrer', 'tapferkeit', 'gerechtigkeit', 'und', 'ἀταραξία', 'ist', 'dieses', 'böse', 'element', 'wenn', 'die', 'einzelnen', 'forscher', 'nicht', 'einseitig', 'eingenommen', 'für', 'ihren', 'einfall', 'wären', 'wenn', 'sie', 'nicht', 'ihre', 'unterhaltung', 'haben', 'wollten', 'ihre', 'mißachtung', 'fürchteten', '—', 'wenn', 'sie', 'sich', 'nicht', 'gegenseitig', 'durch', 'neid', 'und', 'argwohn', 'in', 'schranken', 'hielten', 'so', 'fehlte', 'der', 'wissenschaft', 'ihr', 'gerechter', 'und', 'tapferer', 'charakter', 'aber', 'als', 'ganzes', 'erzieht', 'sie', 'zu', 'gewissen', 'werthschätzungen', '—', 'die', 'res', 'publica', 'der', 'gelehrten', 'erzwingt', 'eine', 'gewisse', 'moralische', 'handlungsweise', 'mindestens', 'den', 'ausdruck', 'derselben:', 'sie', 'sublimirt', 'das', 'böse', 'zu', 'tugenden!']"
100,1881,16,"['fortsetzung', 'der', 'morgenröthe']"
101,1882,17,"['in', 'jeder', 'handlung', 'ist', 'die', 'abgekürzte', 'geschichte', 'alles', 'werdens', 'ego']"
102,1882,18,"['500', 'aufschriften', 'auf', 'tisch', 'und', 'wand', 'für', 'narrn', 'von', 'narrenhand']"
103,1882,19,"['zwei', 'kategorische', 'imperative', '—', 'gewiß!', 'man', 'muß', 'ein', 'knochengerüst', 'haben', '—', 'sonst', 'hat', 'das', 'liebe', 'fleisch', 'keinen', 'halt!', 'aber', 'ihr', 'herrn', 'ohne', 'fleisch', 'ihr', 'knochengerippe', 'der', 'stoa', 'eure', 'predigt', 'sollte', 'lauten:', 'man', 'muß', 'auch', 'fleisch', 'an', 'den', 'knochen', 'haben!']"
104,1882,20,"['narren-buch', 'lieder', 'und', 'sinnsprüche', 'von', 'friedrich', 'nietzsche']"
105,1882,21,"['studien', 'aller', 'art', 'zu', 'die', 'fröhliche', 'wissenschaft', '(la', 'gaya', 'scienza)']"
106,1882,1,"['solitudo', 'continuata', 'dulcescit', 'madonna', 'del', 'sasso', '(locarno)']"
107,1882,2,['metteyya']
108,1882,3,"['auf', 'hoher', 'see', 'ein', 'sentenzen-buch', 'von', 'friedrich', 'nietzsche']"
109,1882,4,"['wir', 'stehen', 'vor', 'der', 'größten', 'erregung', '—', 'und', 'hinter', 'ihr', 'der', 'rückschlag!', 'die', 'sehnsucht', 'ins', 'nichts!', '—', 'und', 'wir', 'wollen', 'weder', 'in', 'dieser', 'erregung', 'noch', 'in', 'dieser', 'sehnsucht', 'zu', 'grunde', 'gehen', '—', 'wir', 'freunde', 'des', 'lebens']"
110,1882,5,"['1', 'wille', 'zum', 'leben?', 'ich', 'fand', 'an', 'seiner', 'stelle', 'immer', 'nur', 'wille', 'zur', 'macht']"
111,1882,6,"['ascetism:', 'nur', 'die', 'vernunft', 'ausbilden']"
112,1883,7,"['zur', 'einleitung']"
113,1883,8,"['die', 'tonga-insulaner', 'schneiden', 'die', 'kleinen', 'finger', 'ab', 'als', 'opfer']"
114,1883,9,"['zu', 'heftig', 'strömt', 'dein', 'quell;', 'er', 'leert', 'zugleich', 'den', 'becher', 'indem', 'er', 'ihn', 'füllen', 'will']"
115,1883,10,"['indem', 'ich', 'emporstrebte', 'gegen', 'meine', 'last', 'verjüngte', 'ich', 'mich:', 'und', 'gerade', 'als', 'ich', 'härter', 'in', 'mir', 'wurde', 'lernte', 'ich', 'noch', 'die', 'anmuth']"
116,1883,11,"['schlafloser', 'qual', 'blutend']"
117,1883,12,"['böse', 'weisheit', 'sprüche', 'und', 'sprüchwörtliches', 'von', 'friedrich', 'nietzsche']"
118,1883,13,"['zarathustra’s', 'heilige', 'gelächter']"
119,1883,14,"['philosophie', 'der', 'zukunft']"
120,1883,15,"['nun', 'heitre', 'himmel', 'der', 'ewigkeit', 'berücken', 'meine', 'sinne', 'der', 'tropfen', 'thau']"
121,1883,16,"['die', 'natur', 'muß', 'nach', 'analogie', 'des', 'menschen', 'vorgestellt', 'werden', 'als', 'irrend', 'versuchend', 'gut', 'und', 'böse', '—', 'als', 'kämpfend', 'und', 'sich', 'überwindend']"
122,1883,17,"['und', 'wenn', 'du', 'das', 'leben', 'einst', 'nicht', 'aushalten', 'kannst', 'mußt', 'du', 'suchen', 'es', 'lieb', 'zu', 'gewinnen', '—', 'solches', 'nämlich', 'war', 'immer', 'der', 'kunstgriff', 'der', 'weisesten']"
123,1883,18,"['wenn', 'du', 'nicht', 'beten', 'kannst', 'warum', 'fluchst', 'du', 'nicht', 'wenigstens?', 'siehst', 'du', 'nicht', 'daß', 'wir', 'ums', 'leben', 'ringen?']"
124,1883,19,"['trost', '1)', 'daß', 'so', 'vieles', 'nicht', 'zu', 'errathen', 'ist']"
125,1883,20,"['du', 'gehst', 'den', 'weg', 'der', 'größe:', 'nun', 'ist', 'für', 'dich', 'abgrund', 'und', '—', 'gipfel', 'in', 'einem', 'beschlossen']"
126,1883,21,"['(zu', '3', ')']"
127,1883,22,"['allein', 'mit', 'mir', 'und', 'meinem', 'frohlockenden', 'gewissen']"
128,1883,23,"['eine', 'kleine', 'unschuldige', 'geschichte', 'die', 'aber', 'viel', 'unfug', 'gestiftet', 'hat:', 'ich', 'erzähle', 'sie', 'euch', '—', 'den', 'unfug', 'mögt', 'ihr', 'euch', 'selber', 'erzählen!']"
129,1883,24,"['daß', 'es', 'schwer', 'ist', 'den', 'griechen', 'nahe', 'zu', 'kommen', 'daß', 'man', 'sich', 'ihnen', 'sogar', 'ferner', 'fühlt', 'wenn', 'man', 'sie', 'lange', 'betrachtet', 'hat:', 'dies', 'ist', 'der', 'satz', 'und', 'der', 'ganz', 'persönliche', 'seufzer', 'mit', 'dem', 'ich', 'meine', 'betrachtung', 'über', 'die', 'griechen', 'als', 'menschenkenner', 'anheben', 'will', 'man', 'kann', 'eine', 'gute', 'weile', 'im', 'entgegengesetzten', 'glauben', 'mit', 'ihnen', 'leben']"
130,1884,25,"['die', 'ewige', 'wiederkunft']"
131,1884,26,"['das', 'vorläufige', 'und', 'die', 'vorläufer']"
132,1884,27,"['das', 'nachdenken', 'über', 'freiheit', 'und', 'unfreiheit', 'des', 'willens', 'hat', 'mich', 'zu', 'einer', 'lösung', 'dieses', 'problems', 'geführt', 'die', 'man', 'sich', 'gründlicher', 'und', 'abschließender', 'gar', 'nicht', 'denken', 'kann', '—', 'nämlich', 'zur', 'beseitigung', 'des', 'problems', 'vermöge', 'der', 'erlangten', 'einsicht:', 'es', 'giebt', 'gar', 'keinen', 'willen', 'weder', 'einen', 'freien', 'noch', 'einen', 'unfreien']"
133,1884,28,"['[z', 'ii', '5b]']"
134,1884,29,"['solche', 'macht', 'man', 'mit', 'gründen', 'mißtrauisch;', 'aber', 'mit', 'erhabenen', 'gebärden', 'überzeugt', 'man', 'sie']"
135,1884,30,"['möge', 'europa', 'bald', 'einen', 'großen', 'staatsmann', 'hervorbringen', 'und', 'der', 'welcher', 'jetzt', 'in', 'dem', 'kleinlichen', 'zeitalter', 'plebejischer', 'kurzsichtigkeit', 'als', 'der', 'große', 'realist', 'gefeiert', 'wird', 'klein', 'dastehen']"
136,1884,31,"['die', 'practische', 'überwindung', 'der', 'moral']"
137,1884,32,"['zurückführung', 'der', 'moralischen', 'werthschätzungen', 'auf', 'ihre', 'wurzeln']"
138,1884,33,"['die', 'gute', 'mahlzeit']"
139,1885,34,"['gai', 'saber', 'selbst-bekenntnisse', 'von', 'friedrich', 'nietzsche']"
140,1885,35,"['ein', 'moralist', 'ist', 'das', 'gegenstück', 'eines', 'moral-predigers:', 'nämlich', 'ein', 'denker', 'welcher', 'die', 'moral', 'als', 'fragwürdig', 'fragezeichenwürdig', 'kurz', 'als', 'problem', 'nimmt', 'ich', 'bedaure', 'hinzufügen', 'zu', 'müssen', 'daß', 'der', 'moralist', 'eben', 'deshalb', 'selber', 'zu', 'den', 'fragwürdigen', 'wesen', 'gehört']"
141,1885,36,"['gai', 'saber', 'vorspiel', 'zu', 'einer', 'philosophie', 'der', 'zukunft', 'von', 'friedrich', 'nietzsche']"
142,1885,37,"['gegen', 'das', 'was', 'ich', 'in', 'diesem', 'buche', 'vorzutragen', 'wage', 'läßt', 'sich', 'gewiß', 'aus', 'der', 'nähe', 'und', 'noch', 'mehr', 'von', 'der', 'ferne', 'her', 'mancher', 'herzhafte', 'einwand', 'machen', 'einen', 'teil', 'dieser', 'einwände', 'habe', 'ich', 'selbst', 'dank', 'mannichfacher', 'übung', 'im', 'verhören', 'und', 'zweikampf', 'zu', 'einem', 'vorweggenommen', 'leider', 'aber', 'immer', 'auch', 'vorweg', 'beantwortet:', 'so', 'daß', 'bisher', 'die', 'ganze', 'last', 'meiner', 'wahrheiten', 'auf', 'mir', 'liegen', 'geblieben', 'ist', 'man', 'wird', 'verstehen', 'daß', 'es', 'sich', 'hier', 'um', 'lästige', 'wahrheiten', 'handelt;', 'und', 'wenn', 'es', 'einen', 'glauben', 'giebt', 'der', 'selig', 'macht', 'nun', 'wohlan', 'hier', 'ist', 'ein', 'glaube', 'der', 'das', 'nicht', 'thut!', 'aber', 'weshalb', 'sollten', 'die', 'dinge', 'darauf', 'eingerichtet', 'sein', 'u<m>', 'uns', 'vergnügen', 'zu', 'machen?', '—', 'obschon', 'ich', 'gerade', 'dies', 'mal', 'aufrichtig', 'gesagt', 'gerne', 'das', 'vergnügen', 'genösse', 'widerlegt', 'zu', 'werden', '—', 'und', 'wenn', 'uns', 'andererseits', 'die', 'erkenntniß', '———', 'wozu', 'dann', 'erkenntniß?', '—']"
143,1885,38,"['der', 'gedanke', 'ist', 'in', 'der', 'gestalt', 'in', 'welcher', 'er', 'kommt', 'ein', 'vieldeutiges', 'zeichen', 'welches', 'der', 'auslegung', 'genauer', 'einer', 'willkürlichen', 'einengung', 'und', 'begränzung', 'bedarf', 'bis', 'er', 'endlich', 'eindeutig', 'wird', 'er', 'taucht', 'in', 'mir', 'auf', '—', 'woher?', 'wodurch?', 'das', 'weiß', 'ich', 'nicht', 'er', 'kommt', 'unabhängig', 'von', 'meinem', 'willen', 'gewöhnlich', 'umringt', 'und', 'verdunkelt', 'durch', 'ein', 'gedräng', 'von', 'gefühlen', 'begehrungen', 'abneigungen', 'auch', 'von', 'andern', 'gedanken', 'oft', 'genug', 'von', 'einem', 'wollen', 'oder', 'fühlen', 'kaum', 'zu', 'unterscheiden', 'man', 'zieht', 'ihn', 'aus', 'diesem', 'gedränge', 'reinigt', 'ihn', 'stellt', 'ihn', 'auf', 'seine', 'füße', 'man', 'sieht', 'wie', 'er', 'dasteht', 'wie', 'er', 'geht', 'alles', 'in', 'einem', 'erstaunlichen', 'presto', 'und', 'doch', 'ganz', 'ohne', 'das', 'gefühl', 'der', 'eile:', 'wer', 'das', 'alles', 'thut', '—', 'ich', 'weiß', 'es', 'nicht', 'und', 'bin', 'sicherlich', 'mehr', 'zuschauer', 'dabei', 'als', 'urheber', 'dieses', 'vorgangs', 'man', 'sitzt', 'dann', 'über', 'ihn', 'zu', 'gericht', 'man', 'fragt:', 'was', 'bedeutet', 'er?', 'was', 'darf', 'er', 'bedeuten?', 'hat', 'er', 'recht', 'oder', 'unrecht?', '—', 'man', 'ruft', 'andere', 'gedanken', 'zu', 'hülfe', 'man', 'vergleicht', 'ihn', 'denken', 'erweist', 'sieh', 'dergestalt', 'beinahe', 'als', 'eine', 'art', 'übung', 'und', 'akt', 'der', 'gerechtigkeit', 'bei', 'dem', 'es', 'einen', 'richter', 'eine', 'gegen-partei', 'auch', 'sogar', 'ein', 'zeugenverhör', 'giebt', 'dem', 'ich', 'ein', 'wenig', 'zuhören', 'darf', '—', 'freilich', 'nur', 'ein', 'wenig:', 'das', 'meiste', 'so', 'scheint', 'es', 'entgeht', 'mir', '—', 'daß', 'jeder', 'gedanke', 'zuerst', 'vieldeutig', 'und', 'schwimmend', 'kommt', 'und', 'an', 'sich', 'nur', 'als', 'anlaß', 'zum', 'versuch', 'der', 'interpretation', 'oder', 'zur', 'willkürlichen', 'festsetzung', 'daß', 'bei', 'allem', 'denken', 'eine', 'vielheit', 'von', 'personen', 'betheiligt', 'scheint', '—:', 'dies', 'ist', 'nicht', 'gar', 'zu', 'leicht', 'zu', 'beobachten', 'wir', 'sind', 'im', 'grunde', 'umgekehrt', 'geschult', 'nämlich', 'beim', 'denken', 'nicht', 'an’s', 'denken', 'zu', 'denken', 'der', 'ursprung', 'des', 'gedankens', 'bleibt', 'verborgen;', 'die', 'wahrscheinlichkeit', 'dafür', 'ist', 'groß', 'daß', 'er', 'nur', 'das', 'symptom', 'eines', 'viel', 'umfänglicheren', 'zustandes', 'ist;', 'darin', 'daß', 'gerade', 'er', 'kommt', 'und', 'kein', 'anderer', 'daß', 'er', 'gerade', 'mit', 'dieser', 'größeren', 'oder', 'minderen', 'helligkeit', 'kommt', 'mitunter', 'sicher', 'und', 'befehlerisch', 'mitunter', 'schwach', 'und', 'einer', 'stütze', 'bedürftig', 'im', 'ganzen', 'immer', 'aufregend', 'fragend', '—', 'für', 'das', 'bewußtsein', 'wirkt', 'nämlich', 'jeder', 'gedanke', 'wie', 'ein', 'stimulans', '—:', 'in', 'dem', 'allen', 'drückt', 'sich', 'irgend', 'etwas', 'von', 'unserem', 'gesammtzustande', 'in', 'zeichen', 'aus', '—', 'ebenso', 'steht', 'es', 'mit', 'jedem', 'gefühle', 'es', 'bedeutet', 'nicht', 'an', 'sich', 'etwas:', 'es', 'wird', 'wenn', 'es', 'kommt', 'von', 'uns', 'erst', 'interpretirt', 'und', 'oft', 'wie', 'seltsam', 'interpretirt!', 'man', 'denke', 'doch', 'an', 'die', 'uns', 'fast', 'unbewußte', 'noth', 'der', 'eingeweide', 'an', 'die', 'blutdruck-spannungen', 'im', 'unterleibe', 'an', 'die', 'krankhaften', 'zustände', 'des', 'nervus', 'sympathicus', '—:', 'und', 'wie', 'vieles', 'giebt', 'es', 'wovon', 'wir', 'kaum', 'durch', 'das', 'sensorium', 'commune', 'einen', 'schimmer', 'von', 'bewußtsein', 'haben!', '—', 'nur', 'der', 'anatomisch', 'unterrichtete', 'räth', 'bei', 'solchen', 'ungewissen', 'unlust-gefühlen', 'auf', 'die', 'rechte', 'gattung', 'und', 'gegend', 'der', 'ursachen;', 'alle', 'anderen', 'aber', 'im', 'ganzen', 'also', 'fast', 'alle', 'menschen', 'so', 'lange', 'es', 'menschen', 'giebt', 'suchen', 'bei', 'solcher', 'art', 'von', 'schmerzen', 'keine', 'physische', 'sondern', 'eine', 'psychische', 'und', 'moralische', 'erklärung', 'und', 'schieben', 'den', 'thatsächlichen', 'verstimmungen', 'des', 'leibes', 'eine', 'falsche', 'begründung', 'unter', 'indem', 'sie', 'im', 'umkreise', 'ihrer', 'unangenehmen', 'erfahrungen', 'und', 'befürchtungen', 'einen', 'grund', 'herausholen', 'sich', 'dermaßen', 'schlecht', 'zu', 'befinden', 'auf', 'der', 'folter', 'bekennt', 'sich', 'fast', 'jedermann', 'schuldig;', 'bei', 'dem', 'schmerz', 'dessen', 'physische', 'ursache', 'man', 'nicht', 'weiß', 'fragt', 'sich', 'der', 'gefolterte', 'so', 'lange', 'und', 'so', 'inquisitorisch', 'selbst', 'bis', 'er', 'sich', 'oder', 'andere', 'schuldig', 'findet:', '—', 'wie', 'es', 'zum', 'beispiel', 'der', 'puritaner', 'that', 'welcher', 'den', 'einer', 'unvernünftigen', 'lebensweise', 'anhaftenden', 'spleen', 'sich', 'gewohnheitsmäßig', 'moralisch', 'auslegte', 'nämlich', 'als', 'biß', 'seines', 'eigenen', 'gewissens', '—']"
144,1885,39,"['der', 'wille', 'zur', 'macht']"
145,1885,40,"['müde', 'leidende', 'geängstigte', 'meinen', 'frieden', 'meinen', 'unbewegtheit', 'ruhe', 'etwas', 'dem', 'tiefen', 'schlafe', 'ähnliches', 'wenn', 'sie', 'an', 'das', 'höchste', 'glück', 'denken', 'davon', 'ist', 'viel', 'in', 'die', 'philosophie', 'gekommen', 'ebenso', 'hat', 'die', 'angst', 'vor', 'dem', 'ungewissen', 'vieldeutigen', 'verwandlungsfähigen', 'seinen', 'gegensatz', 'das', 'einfache', 'sich-gleich-bleibende', 'berechenbare', 'gewisse', 'zu', 'ehren', 'gebracht', 'eine', 'andere', 'art', 'wesen', 'würde', 'die', 'umgekehrten', 'zustände', 'zu', 'ehren', 'bringen', 'aber', 'als', 'ich', 'vor', 'zehn', 'jahren', '—', '—', '—']"
146,1885,41,"['sils-maria', 'ende', 'august', '1885']"
147,1885,42,"['der', 'spiegel', 'eine', 'gelegenheit', 'zur', 'selbst-bespiegelung', 'für', 'europäer']"
148,1885,43,['entwurf']
149,1885,44,"['die', 'capitel']"
150,1885,45,"['zucht', 'des', 'herzens']"
151,1885,1,"['eigentlich', 'sollte', 'ich', 'einen', 'kreis', 'von', 'tiefen', 'und', 'zarten', 'menschen', 'um', 'mich', 'haben', 'welche', 'mich', 'etwas', 'vor', 'mir', 'selber', 'schützten', 'und', 'mich', 'auch', 'zu', 'erheitern', 'wüßten:', 'denn', 'für', 'einen', 'der', 'solche', 'dinge', 'denkt', 'wie', 'ich', 'sie', 'denken', 'muß', 'ist', 'die', 'gefahr', 'immer', 'ganz', 'in', 'der', 'nähe', 'daß', 'er', 'sich', 'selber', 'zerstört']"
152,1885,2,"['es', 'giebt', 'eine', 'vornehme', 'und', 'gefährliche', 'nachlässigkeit', 'welche', 'einen', 'tiefen', 'schluß', 'und', 'einblick', 'gewährt:', 'die', 'nachlässigkeit', 'der', 'überreichen', 'seele', 'die', 'sich', 'nie', 'um', 'freunde', 'bemüht', 'hat', 'sondern', 'nur', 'die', 'gastfreundschaft', 'kennt', 'immer', 'nur', 'gastfreundschaft', 'übt', 'und', 'zu', 'üben', 'versteht', '—', 'herz', 'und', 'haus', 'offen', 'für', 'jedermann', 'der', 'eintreten', 'will', 'seien', 'es', 'nun', 'bettler', 'oder', 'krüppel', 'oder', 'könige', 'dies', 'ist', 'die', 'ächte', 'leutseligkeit:', 'wer', 'sie', 'hat', 'hat', 'hundert', 'freunde', 'aber', 'wahrscheinlich', 'keinen', 'freund']"
153,1886,3,"['zur', 'naturgeschichte', 'des', 'freien', 'geistes']"
154,1886,4,"['ein', 'philosoph:', 'was', 'für', 'eine', 'bescheidene', 'creatur', 'wenn', 'er', 'wirklich', 'seinem', 'namen', 'treu', 'bleibt!', '—', 'als', 'welcher', 'nicht', 'einen', 'freund', 'der', 'weisheit', 'bezeichnet', 'vergebung', 'einem', 'alten', 'philologen!', 'sondern', 'nur', 'einen', 'der', 'weise', 'männer', 'gern', 'hat', 'wollt', 'ihr', 'also', 'daß', 'es', 'philosophen', 'geben', 'soll', 'im', 'griechischen', 'sinne', 'und', 'wortverstande', 'heran', 'zuerst', 'mit', 'euren', 'weisen', 'männern', '!', '—', 'aber', 'es', 'scheint', 'mir', 'meine', 'freunde', 'wir', 'lieben', 'zuletzt', 'die', 'unweisen', 'männer', 'mehr', 'als', 'die', 'weisen', 'gesetzt', 'selbst', 'es', 'gäbe', 'weise', '—', '?', 'und', 'vielleicht', 'steckt', 'darin', 'gerade', 'darin', 'mehr', 'weisheit?', 'wie?', 'sollten', 'gar', 'die', 'weisen', 'selbst', '—', 'aus', 'der', 'nähe', 'gesehn', 'vielleicht', '—', 'keine', 'philosophen', 'sein?', 'sondern', 'philasophen', '?', 'freunde', 'der', 'narrheit', 'gute', 'gesellschaft', 'für', 'spielleute', 'und', 'närrisches', 'volk?', 'und', 'nicht', 'für', '—', 'sich?', '—']"
155,1886,5,"['bücher', 'ziegler']"
156,1886,6,"['wenn', 'man', 'eine', 'tapfere', 'und', 'wohlgerathene', 'seele', 'im', 'leibe', 'hat', 'kann', 'man', 'sich', 'schon', 'diesen', 'artigen', 'luxus', 'von', 'immoralität', 'erlauben']"
157,1886,7,"['<erstes', 'buch:', 'was', 'ist', 'wahrheit?', '>']"
158,1887,8,"['<erstes', 'buch:', 'was', 'ist', 'wahrheit?', '>']"
159,1887,9,"['prinzipien', 'und', 'vorausgeschickte']"
160,1887,10,"['halkyonia', 'nachmittage', 'eines', 'glücklichen', 'von', 'friedrich', 'nietzsche']"
161,1887,11,"['nizza', 'den', '24', 'november', '1887']"
162,1888,12,"['register', 'zum', 'ersten', 'buch']"
163,1888,13,"['werden', 'und', 'sein']"
164,1888,14,"['nizza', 'den', '25', 'märz', '1888']"
165,1888,15,"['kritik', 'der', 'modernen', 'werthe']"
166,1888,16,"['turin', '21', 'april', 'unterwegs']"
167,1888,17,"['erstes', 'capitel']"
168,1888,18,"['aus', 'der', 'kriegsschule', 'der', 'seele']"
169,1888,19,"['<1', '>']"
170,1888,20,"['das', 'eherne', 'schweigen', '—']"
171,1888,21,['teichm<üller>']
172,1888,22,"['randbemerkung', 'zu', 'einer', 'niaserie', 'anglaise', '—', 'was', 'du', 'nicht', 'willst', 'daß', 'dir', 'die', 'leute', 'thun', 'das', 'thue', 'ihnen', 'auch', 'nicht', 'das', 'gilt', 'als', 'weisheit;', 'das', 'gilt', 'als', 'klugheit;', 'das', 'gilt', 'als', 'grund', 'der', 'moral', '—', 'als', 'güldener', 'spruch', 'john', 'stuart', 'mill', 'und', 'wer', 'nicht', 'unter', 'engländern', 'glaubt', 'daran…', 'aber', 'der', 'spruch', 'hält', 'nicht', 'den', 'leichtesten', 'angriff', 'aus', 'der', 'calcul', 'thue', 'nichts', 'was', 'dir', 'selber', 'nicht', 'angethan', 'werden', 'soll', 'verbietet', 'handlungen', 'um', 'ihrer', 'schädlichen', 'folgen', 'willen:', 'der', 'hintergedanke', 'ist', 'daß', 'eine', 'handlung', 'immer', 'vergolten', 'wird', 'wie', 'nun', 'wenn', 'jemand', 'mit', 'dem', 'principe', 'in', 'der', 'hand', 'sagte', 'gerade', 'solche', 'handlungen', 'muß', 'man', 'thun', 'damit', 'andere', 'uns', 'nicht', 'zuvorkommen', '—', 'damit', 'wir', 'andere', 'außer', 'stand', 'setzen', 'sie', 'uns', 'anzuthun?', '—', 'andrerseits:', 'denken', 'wir', 'uns', 'einen', 'corsen', 'dem', 'seine', 'ehre', 'die', 'vendetta', 'gebietet', 'auch', 'er', 'wünscht', 'keine', 'flintenkugel', 'in', 'den', 'leib:', 'aber', 'die', 'aussicht', 'auf', 'eine', 'solche', 'die', 'wahrscheinlichkeit', 'einer', 'kugel', 'hält', 'ihn', 'nicht', 'ab', 'seiner', 'ehre', 'zu', 'genügen…', 'und', 'sind', 'wir', 'nicht', 'in', 'allen', 'anständigen', 'handlungen', 'eben', 'absichtlich', 'gleichgültig', 'gegen', 'das', 'was', 'daraus', 'für', 'uns', 'kommt?', 'eine', 'handlung', 'zu', 'vermeiden', 'die', 'schädliche', 'folgen', 'für', 'uns', 'hätte', '—', 'das', 'wäre', 'ein', 'verbot', 'für', 'anständige', 'handlungen', 'überhaupt…']"
173,1888,23,"['auch', 'ein', 'gebot', 'der', 'menschenliebe', '—', 'es', 'giebt', 'fälle', 'wo', 'ein', 'kind', 'ein', 'verbrechen', 'sein', 'würde:', 'bei', 'chronisch', 'kranken', 'und', 'neurasthenikern', 'dritten', 'grades', 'was', 'hat', 'man', 'da', 'zu', 'thun?', '—', 'solche', 'zur', 'keuschheit', 'ermuthigen', 'etwa', 'mit', 'hülfe', 'von', 'parsifal-musik', 'mag', 'immerhin', 'versucht', 'werden:', 'parsifal', 'selbst', 'dieser', 'typische', 'idiot', 'hatte', 'nur', 'zu', 'viel', 'gründe', 'sich', 'nicht', 'fortzupflanzen', 'der', 'übelstand', 'ist', 'daß', 'eine', 'gewisse', 'unfähigkeit', 'sich', 'zu', 'beherrschen', '(—', 'auf', 'reize', 'auf', 'noch', 'so', 'kleine', 'geschlechtsreize', 'nicht', 'zu', 'reagiren)', 'gerade', 'zu', 'den', 'regelmäßigsten', 'folgen', 'der', 'gesammt-erschöpfung', 'gehört', 'man', 'würde', 'sich', 'verrechnen', 'wenn', 'man', 'sich', 'zum', 'beispiel', 'einen', 'leopardi', 'als', 'keusch', 'vorstellte', 'der', 'priester', 'der', 'moralist', 'spielen', 'da', 'ein', 'verlornes', 'spiel;', 'besser', 'thut', 'man', 'noch', 'in', 'die', 'apotheke', 'zu', 'schicken', 'zuletzt', 'hat', 'hier', 'die', 'gesellschaft', 'eine', 'pflicht', 'zu', 'erfüllen:', 'es', 'giebt', 'wenige', 'dergestalt', 'dringliche', 'und', 'grundsätzliche', 'forderungen', 'an', 'sie', 'die', 'gesellschaft', 'als', 'großmandatar', 'des', 'lebens', 'hat', 'jedes', 'verfehlte', 'leben', 'vor', 'dem', 'leben', 'selber', 'zu', 'verantworten', '—', 'sie', 'hat', 'es', 'auch', 'zu', 'büßen:', 'folglich', 'soll', 'sie', 'es', 'verhindern', 'die', 'gesellschaft', 'soll', 'in', 'zahlreichen', 'fällen', 'der', 'zeugung', 'vorbeugen:', 'sie', 'darf', 'hierzu', 'ohne', 'rücksicht', 'auf', 'herkunft', 'rang', 'und', 'geist', 'die', 'härtesten', 'zwangs-maaßregeln', 'freiheits-entziehungen', 'unter', 'umständen', 'castrationen', 'in', 'bereitschaft', 'halten', '—', 'das', 'bibel-verbot', 'du', 'sollst', 'nicht', 'tödten!', 'ist', 'eine', 'naivetät', 'im', 'vergleich', 'zum', 'ernst', 'des', 'lebens-verbots', 'an', 'die', 'décadents:', 'ihr', 'sollt', 'nicht', 'zeugen!', '…', 'das', 'leben', 'selbst', 'erkennt', 'keine', 'solidarität', 'kein', 'gleiches', 'recht', 'zwischen', 'gesunden', 'und', 'entartenden', 'theilen', 'eines', 'organismus', 'an:', 'letztere', 'muß', 'man', 'ausschneiden', '—', 'oder', 'das', 'ganze', 'geht', 'zu', 'grunde', '—', 'mitleiden', 'mit', 'den', 'décadents', 'gleiche', 'rechte', 'auch', 'für', 'die', 'mißrathenen', '—', 'das', 'wäre', 'die', 'tiefste', 'unmoralität', 'das', 'wäre', 'die', 'widernatur', 'selbst', 'als', 'moral!']"
174,1888,24,"['ecce', 'homo', 'oder:', 'warum', 'ich', 'einiges', 'mehr', 'weiss', 'von', 'friedrich', 'nietzsche']"
175,1888,25,"['die', 'große', 'politik']"
